{
  "type": "baseline",
  "models": {
    "meta-llama/Llama-3.2-3B": {
      "ifeval/error": "No module named 'evaluation'",
      "gsm8k/error": "No module named 'evaluation'",
      "humaneval/error": "No module named 'evaluation'"
    },
    "meta-llama/Llama-3.2-1B": {
      "google/IFEval/prompt_strict_acc": 0.1423290203327172,
      "google/IFEval/prompt_strict_stderr": 0.015035234562202739,
      "google/IFEval/prompt_loose_acc": 0.16820702402957485,
      "google/IFEval/prompt_loose_stderr": 0.016096550188063007,
      "google/IFEval/inst_strict_acc": 0.2745803357314149,
      "google/IFEval/inst_strict_stderr": 0.015548522527078288,
      "google/IFEval/inst_loose_acc": 0.3057553956834532,
      "google/IFEval/inst_loose_stderr": 0.016413301911543485,
      "google/IFEval/final_acc": 0.22271794394429004,
      "google/IFEval/final_stderr": 0.014122109711210995,
      "openai/gsm8k/accuracy": 0.019711902956785442,
      "openai/gsm8k/stderr": 0.003828982978735663,
      "openai/openai_humaneval/accuracy": 0.0,
      "openai/openai_humaneval/stderr": 0.0
    },
    "meta-llama/Llama-3.1-8B": {
      "google/IFEval/prompt_strict_acc": 0.16820702402957485,
      "google/IFEval/prompt_strict_stderr": 0.016096550188063007,
      "google/IFEval/prompt_loose_acc": 0.1866913123844732,
      "google/IFEval/prompt_loose_stderr": 0.01676844845097572,
      "google/IFEval/inst_strict_acc": 0.2709832134292566,
      "google/IFEval/inst_strict_stderr": 0.015203432717939936,
      "google/IFEval/inst_loose_acc": 0.29376498800959233,
      "google/IFEval/inst_loose_stderr": 0.015817631375626556,
      "google/IFEval/final_acc": 0.2299116344632242,
      "google/IFEval/final_stderr": 0.014809084611401385,
      "openai/gsm8k/accuracy": 0.1068991660348749,
      "openai/gsm8k/stderr": 0.008510982565520516,
      "openai/openai_humaneval/accuracy": 0.0,
      "openai/openai_humaneval/stderr": 0.0
    }
  }
}